001;AGUASCALIENTES;01;
002;ASIENTOS;01;
003;CALVILLO;01;
004;COSIO;01;
005;JESUS MARIA;01;
006;PABELLON DE ARTEAGA;01;
007;RINCON DE ROMOS;01;
008;SAN JOSE DE GRACIA;01;
009;TEPEZALA;01;
010;EL LLANO;01;
011;SAN FRANCISCO DE LOS ROMO;01;
001;ENSENADA;02;
002;MEXICALI;02;
003;TECATE;02;
004;TIJUANA;02;
005;PLAYAS DE ROSARITO;02;
006;SAN QUINTIN;02;
007;SAN FELIPE;02;
001;COMONDU;03;
002;MULEGE;03;
003;LA PAZ;03;
008;LOS CABOS;03;
009;LORETO;03;
001;CALKINI;04;
002;CAMPECHE;04;
003;CARMEN;04;
004;CHAMPOTON;04;
005;HECELCHAKAN;04;
006;HOPELCHEN;04;
007;PALIZADA;04;
008;TENABO;04;
009;ESCARCEGA;04;
010;CALAKMUL;04;
011;CANDELARIA;04;
012;SEYBAPLAYA;04;
013;DZITBALCHE;04;
001;ABASOLO;05;
002;ACUÑA;05;
003;ALLENDE;05;
004;ARTEAGA;05;
005;CANDELA;05;
006;CASTAÑOS;05;
007;CUATRO CIENEGAS;05;
008;ESCOBEDO;05;
009;FRANCISCO I. MADERO;05;
010;FRONTERA;05;
011;GENERAL CEPEDA;05;
012;GUERRERO;05;
013;HIDALGO;05;
014;JIMENEZ;05;
015;JUAREZ;05;
016;LAMADRID;05;
017;MATAMOROS;05;
018;MONCLOVA;05;
019;MORELOS;05;
020;MUZQUIZ;05;
021;NADADORES;05;
022;NAVA;05;
023;OCAMPO;05;
024;PARRAS;05;
025;PIEDRAS NEGRAS;05;
026;PROGRESO;05;
027;RAMOS ARIZPE;05;
028;SABINAS;05;
029;SACRAMENTO;05;
030;SALTILLO;05;
031;SAN BUENAVENTURA;05;
032;SAN JUAN DE SABINAS;05;
033;SAN PEDRO;05;
034;SIERRA MOJADA;05;
035;TORREON;05;
036;VIESCA;05;
037;VILLA UNION;05;
038;ZARAGOZA;05;
001;ARMERIA;06;
002;COLIMA;06;
003;COMALA;06;
004;COQUIMATLAN;06;
005;CUAUHTEMOC;06;
006;IXTLAHUACAN;06;
007;MANZANILLO;06;
008;MINATITLAN;06;
009;TECOMAN;06;
010;VILLA DE ALVAREZ;06;
001;ACACOYAGUA;07;
002;ACALA;07;
003;ACAPETAHUA;07;
004;ALTAMIRANO;07;
005;AMATAN;07;
006;AMATENANGO DE LA FRONTERA;07;
007;AMATENANGO DEL VALLE;07;
008;ANGEL ALBINO CORZO;07;
009;ARRIAGA;07;
010;BEJUCAL DE OCAMPO;07;
011;BELLA VISTA;07;
012;BERRIOZABAL;07;
013;BOCHIL;07;
014;EL BOSQUE;07;
015;CACAHOATAN;07;
016;CATAZAJA;07;
017;CINTALAPA DE FIGUEROA;07;
018;COAPILLA;07;
019;COMITAN DE DOMINGUEZ;07;
020;LA CONCORDIA;07;
021;COPAINALA;07;
022;CHALCHIHUITAN;07;
023;CHAMULA;07;
024;CHANAL;07;
025;CHAPULTENANGO;07;
026;CHENALHO;07;
027;CHIAPA DE CORZO;07;
028;CHIAPILLA;07;
029;CHICOASEN;07;
030;CHICOMUSELO;07;
031;CHILON;07;
032;ESCUINTLA;07;
033;FRANCISCO LEON;07;
034;FRONTERA COMALAPA;07;
035;FRONTERA HIDALGO;07;
036;LA GRANDEZA;07;
037;HUEHUETAN;07;
038;HUIXTAN;07;
039;HUITIUPAN;07;
040;HUIXTLA;07;
041;LA INDEPENDENCIA;07;
042;IXHUATAN;07;
043;IXTACOMITAN;07;
044;IXTAPA;07;
045;IXTAPANGAJOYA;07;
046;JIQUIPILAS;07;
047;JITOTOL;07;
048;JUAREZ;07;
049;LARRAINZAR;07;
050;LA LIBERTAD;07;
051;MAPASTEPEC;07;
052;LAS MARGARITAS;07;
053;MAZAPA DE MADERO;07;
054;MAZATAN;07;
055;METAPA;07;
056;MITONTIC;07;
057;MOTOZINTLA;07;
058;NICOLAS RUIZ;07;
059;OCOSINGO;07;
060;OCOTEPEC;07;
061;OCOZOCOAUTLA DE ESPINOSA;07;
062;OSTUACAN;07;
063;OSUMACINTA;07;
064;OXCHUC;07;
065;PALENQUE;07;
066;PANTELHO;07;
067;PANTEPEC;07;
068;PICHUCALCO;07;
069;PIJIJIAPAN;07;
070;EL PORVENIR;07;
071;VILLA COMALTITLAN;07;
072;PUEBLO NUEVO SOLISTAHUACAN;07;
073;RAYON;07;
074;REFORMA;07;
075;LAS ROSAS;07;
076;SABANILLA;07;
077;SALTO DE AGUA;07;
078;SAN CRISTOBAL DE LAS CASAS;07;
079;SAN FERNANDO;07;
080;SILTEPEC;07;
081;SIMOJOVEL;07;
082;SITALA;07;
083;SOCOLTENANGO;07;
084;SOLOSUCHIAPA;07;
085;SOYALO;07;
086;SUCHIAPA;07;
087;SUCHIATE;07;
088;SUNUAPA;07;
089;TAPACHULA;07;
090;TAPALAPA;07;
091;TAPILULA;07;
092;TECPATAN;07;
093;TENEJAPA;07;
094;TEOPISCA;07;
096;TILA;07;
097;TONALA;07;
098;TOTOLAPA;07;
099;LA TRINITARIA;07;
100;TUMBALA;07;
101;TUXTLA GUTIERREZ;07;
102;TUXTLA CHICO;07;
103;TUZANTAN;07;
104;TZIMOL;07;
105;UNION JUAREZ;07;
106;VENUSTIANO CARRANZA;07;
107;VILLA CORZO;07;
108;VILLAFLORES;07;
109;YAJALON;07;
110;SAN LUCAS;07;
111;ZINACANTAN;07;
112;SAN JUAN CANCUC;07;
113;ALDAMA;07;
114;BENEMERITO DE LAS AMERICAS;07;
115;MARAVILLA TENEJAPA;07;
116;MARQUES DE COMILLAS;07;
117;MONTECRISTO DE GUERRERO;07;
118;SAN ANDRES DURAZNAL;07;
119;SANTIAGO EL PINAR;07;
120;CAPITAN LUIS ANGEL VIDAL;07;
121;RINCON CHAMULA SAN PEDRO;07;
122;EL PARRAL;07;
123;EMILIANO ZAPATA;07;
124;MEZCALAPA;07;
125;HONDURAS DE LA SIERRA;07;
001;AHUMADA;08;
002;ALDAMA;08;
003;ALLENDE;08;
004;AQUILES SERDAN;08;
005;ASCENSION;08;
006;BACHINIVA;08;
007;BALLEZA;08;
008;BATOPILAS DE MANUEL GOMEZ MORIN;08;
009;BOCOYNA;08;
010;BUENAVENTURA;08;
011;CAMARGO;08;
012;CARICHI;08;
013;CASAS GRANDES;08;
014;CORONADO;08;
015;COYAME DEL SOTOL;08;
016;LA CRUZ;08;
017;CUAUHTEMOC;08;
018;CUSIHUIRIACHI;08;
019;CHIHUAHUA;08;
020;CHINIPAS;08;
021;DELICIAS;08;
022;DR. BELISARIO DOMINGUEZ;08;
023;GALEANA;08;
024;SANTA ISABEL;08;
025;GOMEZ FARIAS;08;
026;GRAN MORELOS;08;
027;GUACHOCHI;08;
028;GUADALUPE;08;
029;GUADALUPE Y CALVO;08;
030;GUAZAPARES;08;
031;GUERRERO;08;
032;HIDALGO DEL PARRAL;08;
033;HUEJOTITAN;08;
034;IGNACIO ZARAGOZA;08;
035;JANOS;08;
036;JIMENEZ;08;
037;JUAREZ;08;
038;JULIMES;08;
039;LOPEZ;08;
040;MADERA;08;
041;MAGUARICHI;08;
042;MANUEL BENAVIDES;08;
043;MATACHI;08;
044;MATAMOROS;08;
045;MEOQUI;08;
046;MORELOS;08;
047;MORIS;08;
048;NAMIQUIPA;08;
049;NONOAVA;08;
050;NUEVO CASAS GRANDES;08;
051;OCAMPO;08;
052;OJINAGA;08;
053;PRAXEDIS G. GUERRERO;08;
054;RIVA PALACIO;08;
055;ROSALES;08;
056;ROSARIO;08;
057;SAN FRANCISCO DE BORJA;08;
058;SAN FRANCISCO DE CONCHOS;08;
059;SAN FRANCISCO DEL ORO;08;
060;SANTA BARBARA;08;
061;SATEVO;08;
062;SAUCILLO;08;
063;TEMOSACHIC;08;
064;EL TULE;08;
065;URIQUE;08;
066;URUACHI;08;
067;VALLE DE ZARAGOZA;08;
002;AZCAPOTZALCO;09;
003;COYOACAN;09;
004;CUAJIMALPA DE MORELOS;09;
005;GUSTAVO A. MADERO;09;
006;IZTACALCO;09;
007;IZTAPALAPA;09;
008;LA MAGDALENA CONTRERAS;09;
009;MILPA ALTA;09;
010;ALVARO OBREGON;09;
011;TLAHUAC;09;
012;TLALPAN;09;
013;XOCHIMILCO;09;
014;BENITO JUAREZ;09;
015;CUAUHTEMOC;09;
016;MIGUEL HIDALGO;09;
017;VENUSTIANO CARRANZA;09;
001;CANATLAN;10;
002;CANELAS;10;
003;CONETO DE COMONFORT;10;
004;CUENCAME;10;
005;DURANGO;10;
006;GENERAL SIMON BOLIVAR;10;
007;GOMEZ PALACIO;10;
008;GUADALUPE VICTORIA;10;
009;GUANACEVI;10;
010;HIDALGO;10;
011;INDE;10;
012;LERDO;10;
013;MAPIMI;10;
014;MEZQUITAL;10;
015;NAZAS;10;
016;NOMBRE DE DIOS;10;
017;OCAMPO;10;
018;EL ORO;10;
019;OTAEZ;10;
020;PANUCO DE CORONADO;10;
021;PEÑON BLANCO;10;
022;POANAS;10;
023;PUEBLO NUEVO;10;
024;RODEO;10;
025;SAN BERNARDO;10;
026;SAN DIMAS;10;
027;SAN JUAN DE GUADALUPE;10;
028;SAN JUAN DEL RIO;10;
029;SAN LUIS DEL CORDERO;10;
030;SAN PEDRO DEL GALLO;10;
031;SANTA CLARA;10;
032;SANTIAGO PAPASQUIARO;10;
033;SUCHIL;10;
034;TAMAZULA;10;
035;TEPEHUANES;10;
036;TLAHUALILO;10;
037;TOPIA;10;
038;VICENTE GUERRERO;10;
039;NUEVO IDEAL;10;
001;ABASOLO;11;
002;ACAMBARO;11;
003;SAN MIGUEL DE ALLENDE;11;
004;APASEO EL ALTO;11;
005;APASEO EL GRANDE;11;
006;ATARJEA;11;
007;CELAYA;11;
008;MANUEL DOBLADO;11;
009;COMONFORT;11;
010;CORONEO;11;
011;CORTAZAR;11;
012;CUERAMARO;11;
013;DOCTOR MORA;11;
014;DOLORES HIDALGO CUNA DE LA INDEPENDENCIA NACIONAL;11;
015;GUANAJUATO;11;
016;HUANIMARO;11;
017;IRAPUATO;11;
018;JARAL DEL PROGRESO;11;
019;JERECUARO;11;
020;LEON;11;
021;MOROLEON;11;
022;OCAMPO;11;
023;PENJAMO;11;
024;PUEBLO NUEVO;11;
025;PURISIMA DEL RINCON;11;
026;ROMITA;11;
027;SALAMANCA;11;
028;SALVATIERRA;11;
029;SAN DIEGO DE LA UNION;11;
030;SAN FELIPE;11;
031;SAN FRANCISCO DEL RINCON;11;
032;SAN JOSE ITURBIDE;11;
033;SAN LUIS DE LA PAZ;11;
034;SANTA CATARINA;11;
035;SANTA CRUZ DE JUVENTINO ROSAS;11;
036;SANTIAGO MARAVATIO;11;
037;SILAO DE LA VICTORIA;11;
038;TARANDACUAO;11;
039;TARIMORO;11;
040;TIERRA BLANCA;11;
041;URIANGATO;11;
042;VALLE DE SANTIAGO;11;
043;VICTORIA;11;
044;VILLAGRAN;11;
045;XICHU;11;
046;YURIRIA;11;
001;ACAPULCO DE JUAREZ;12;
002;AHUACUOTZINGO;12;
003;AJUCHITLAN DEL PROGRESO;12;
004;ALCOZAUCA DE GUERRERO;12;
005;ALPOYECA;12;
006;APAXTLA;12;
007;ARCELIA;12;
008;ATENANGO DEL RIO;12;
009;ATLAMAJALCINGO DEL MONTE;12;
010;ATLIXTAC;12;
011;ATOYAC DE ALVAREZ;12;
012;AYUTLA DE LOS LIBRES;12;
013;AZOYU;12;
014;BENITO JUAREZ;12;
015;BUENAVISTA DE CUELLAR;12;
016;COAHUAYUTLA DE JOSE MARIA IZAZAGA;12;
017;COCULA;12;
018;COPALA;12;
019;COPALILLO;12;
020;COPANATOYAC;12;
021;COYUCA DE BENITEZ;12;
022;COYUCA DE CATALAN;12;
023;CUAJINICUILAPA;12;
024;CUALAC;12;
025;CUAUTEPEC;12;
026;CUETZALA DEL PROGRESO;12;
027;CUTZAMALA DE PINZON;12;
028;CHILAPA DE ALVAREZ;12;
029;CHILPANCINGO DE LOS BRAVO;12;
030;FLORENCIO VILLARREAL;12;
031;GENERAL CANUTO A. NERI;12;
032;GENERAL HELIODORO CASTILLO;12;
033;HUAMUXTITLAN;12;
034;HUITZUCO DE LOS FIGUEROA;12;
035;IGUALA DE LA INDEPENDENCIA;12;
036;IGUALAPA;12;
037;IXCATEOPAN DE CUAUHTEMOC;12;
038;ZIHUATANEJO DE AZUETA;12;
039;JUAN R. ESCUDERO;12;
040;LEONARDO BRAVO;12;
041;MALINALTEPEC;12;
042;MARTIR DE CUILAPAN;12;
043;METLATONOC;12;
044;MOCHITLAN;12;
045;OLINALA;12;
046;OMETEPEC;12;
047;PEDRO ASCENCIO ALQUISIRAS;12;
048;PETATLAN;12;
049;PILCAYA;12;
050;PUNGARABATO;12;
051;QUECHULTENANGO;12;
052;SAN LUIS ACATLAN;12;
053;SAN MARCOS;12;
054;SAN MIGUEL TOTOLAPAN;12;
055;TAXCO DE ALARCON;12;
056;TECOANAPA;12;
057;TECPAN DE GALEANA;12;
058;TELOLOAPAN;12;
059;TEPECOACUILCO DE TRUJANO;12;
060;TETIPAC;12;
061;TIXTLA DE GUERRERO;12;
062;TLACOACHISTLAHUACA;12;
063;TLACOAPA;12;
064;TLALCHAPA;12;
065;TLALIXTAQUILLA DE MALDONADO;12;
066;TLAPA DE COMONFORT;12;
067;TLAPEHUALA;12;
068;LA UNION DE ISIDORO MONTES DE OCA;12;
069;XALPATLAHUAC;12;
070;XOCHIHUEHUETLAN;12;
071;XOCHISTLAHUACA;12;
072;ZAPOTITLAN TABLAS;12;
073;ZIRANDARO;12;
074;ZITLALA;12;
075;EDUARDO NERI;12;
076;ACATEPEC;12;
077;MARQUELIA;12;
078;COCHOAPA EL GRANDE;12;
079;JOSE JOAQUIN DE HERRERA;12;
080;JUCHITAN;12;
081;ILIATENCO;12;
001;ACATLAN;13;
002;ACAXOCHITLAN;13;
003;ACTOPAN;13;
004;AGUA BLANCA DE ITURBIDE;13;
005;AJACUBA;13;
006;ALFAJAYUCAN;13;
007;ALMOLOYA;13;
008;APAN;13;
009;EL ARENAL;13;
010;ATITALAQUIA;13;
011;ATLAPEXCO;13;
012;ATOTONILCO EL GRANDE;13;
013;ATOTONILCO DE TULA;13;
014;CALNALI;13;
015;CARDONAL;13;
016;CUAUTEPEC DE HINOJOSA;13;
017;CHAPANTONGO;13;
018;CHAPULHUACAN;13;
019;CHILCUAUTLA;13;
020;ELOXOCHITLAN;13;
021;EMILIANO ZAPATA;13;
022;EPAZOYUCAN;13;
023;FRANCISCO I. MADERO;13;
024;HUASCA DE OCAMPO;13;
025;HUAUTLA;13;
026;HUAZALINGO;13;
027;HUEHUETLA;13;
028;HUEJUTLA DE REYES;13;
029;HUICHAPAN;13;
030;IXMIQUILPAN;13;
031;JACALA DE LEDEZMA;13;
032;JALTOCAN;13;
033;JUAREZ HIDALGO;13;
034;LOLOTLA;13;
035;METEPEC;13;
036;SAN AGUSTIN METZQUITITLAN;13;
037;METZTITLAN;13;
038;MINERAL DEL CHICO;13;
039;MINERAL DEL MONTE;13;
040;LA MISION;13;
041;MIXQUIAHUALA DE JUAREZ;13;
042;MOLANGO DE ESCAMILLA;13;
043;NICOLAS FLORES;13;
044;NOPALA DE VILLAGRAN;13;
045;OMITLAN DE JUAREZ;13;
046;SAN FELIPE ORIZATLAN;13;
047;PACULA;13;
048;PACHUCA DE SOTO;13;
049;PISAFLORES;13;
050;PROGRESO DE OBREGON;13;
051;MINERAL DE LA REFORMA;13;
052;SAN AGUSTIN TLAXIACA;13;
053;SAN BARTOLO TUTOTEPEC;13;
054;SAN SALVADOR;13;
055;SANTIAGO DE ANAYA;13;
056;SANTIAGO TULANTEPEC DE LUGO GUERRERO;13;
057;SINGUILUCAN;13;
058;TASQUILLO;13;
059;TECOZAUTLA;13;
060;TENANGO DE DORIA;13;
061;TEPEAPULCO;13;
062;TEPEHUACAN DE GUERRERO;13;
063;TEPEJI DEL RIO DE OCAMPO;13;
064;TEPETITLAN;13;
065;TETEPANGO;13;
066;VILLA DE TEZONTEPEC;13;
067;TEZONTEPEC DE ALDAMA;13;
068;TIANGUISTENGO;13;
069;TIZAYUCA;13;
070;TLAHUELILPAN;13;
071;TLAHUILTEPA;13;
072;TLANALAPA;13;
073;TLANCHINOL;13;
074;TLAXCOAPAN;13;
075;TOLCAYUCA;13;
076;TULA DE ALLENDE;13;
077;TULANCINGO DE BRAVO;13;
078;XOCHIATIPAN;13;
079;XOCHICOATLAN;13;
080;YAHUALICA;13;
081;ZACUALTIPAN DE ANGELES;13;
082;ZAPOTLAN DE JUAREZ;13;
083;ZEMPOALA;13;
084;ZIMAPAN;13;
001;ACATIC;14;
002;ACATLAN DE JUAREZ;14;
003;AHUALULCO DE MERCADO;14;
004;AMACUECA;14;
005;AMATITAN;14;
006;AMECA;14;
007;SAN JUANITO DE ESCOBEDO;14;
008;ARANDAS;14;
009;EL ARENAL;14;
010;ATEMAJAC DE BRIZUELA;14;
011;ATENGO;14;
012;ATENGUILLO;14;
013;ATOTONILCO EL ALTO;14;
014;ATOYAC;14;
015;AUTLAN DE NAVARRO;14;
016;AYOTLAN;14;
017;AYUTLA;14;
018;LA BARCA;14;
019;BOLAÑOS;14;
020;CABO CORRIENTES;14;
021;CASIMIRO CASTILLO;14;
022;CIHUATLAN;14;
023;ZAPOTLAN EL GRANDE;14;
024;COCULA;14;
025;COLOTLAN;14;
026;CONCEPCION DE BUENOS AIRES;14;
027;CUAUTITLAN DE GARCIA BARRAGAN;14;
028;CUAUTLA;14;
029;CUQUIO;14;
030;CHAPALA;14;
031;CHIMALTITAN;14;
032;CHIQUILISTLAN;14;
033;DEGOLLADO;14;
034;EJUTLA;14;
035;ENCARNACION DE DIAZ;14;
036;ETZATLAN;14;
037;EL GRULLO;14;
038;GUACHINANGO;14;
039;GUADALAJARA;14;
040;HOSTOTIPAQUILLO;14;
041;HUEJUCAR;14;
042;HUEJUQUILLA EL ALTO;14;
043;LA HUERTA;14;
044;IXTLAHUACAN DE LOS MEMBRILLOS;14;
045;IXTLAHUACAN DEL RIO;14;
046;JALOSTOTITLAN;14;
047;JAMAY;14;
048;JESUS MARIA;14;
049;JILOTLAN DE LOS DOLORES;14;
050;JOCOTEPEC;14;
051;JUANACATLAN;14;
052;JUCHITLAN;14;
053;LAGOS DE MORENO;14;
054;EL LIMON;14;
055;MAGDALENA;14;
056;SANTA MARIA DEL ORO;14;
057;LA MANZANILLA DE LA PAZ;14;
058;MASCOTA;14;
059;MAZAMITLA;14;
060;MEXTICACAN;14;
061;MEZQUITIC;14;
062;MIXTLAN;14;
063;OCOTLAN;14;
064;OJUELOS DE JALISCO;14;
065;PIHUAMO;14;
066;PONCITLAN;14;
067;PUERTO VALLARTA;14;
068;VILLA PURIFICACION;14;
069;QUITUPAN;14;
070;EL SALTO;14;
071;SAN CRISTOBAL DE LA BARRANCA;14;
072;SAN DIEGO DE ALEJANDRIA;14;
073;SAN JUAN DE LOS LAGOS;14;
074;SAN JULIAN;14;
075;SAN MARCOS;14;
076;SAN MARTIN DE BOLAÑOS;14;
077;SAN MARTIN HIDALGO;14;
078;SAN MIGUEL EL ALTO;14;
079;GOMEZ FARIAS;14;
080;SAN SEBASTIAN DEL OESTE;14;
081;SANTA MARIA DE LOS ANGELES;14;
082;SAYULA;14;
083;TALA;14;
084;TALPA DE ALLENDE;14;
085;TAMAZULA DE GORDIANO;14;
086;TAPALPA;14;
087;TECALITLAN;14;
088;TECOLOTLAN;14;
089;TECHALUTA DE MONTENEGRO;14;
090;TENAMAXTLAN;14;
091;TEOCALTICHE;14;
092;TEOCUITATLAN DE CORONA;14;
093;TEPATITLAN DE MORELOS;14;
094;TEQUILA;14;
095;TEUCHITLAN;14;
096;TIZAPAN EL ALTO;14;
097;TLAJOMULCO DE ZUÑIGA;14;
098;SAN PEDRO TLAQUEPAQUE;14;
099;TOLIMAN;14;
100;TOMATLAN;14;
101;TONALA;14;
102;TONAYA;14;
103;TONILA;14;
104;TOTATICHE;14;
105;TOTOTLAN;14;
106;TUXCACUESCO;14;
107;TUXCUECA;14;
108;TUXPAN;14;
109;UNION DE SAN ANTONIO;14;
110;UNION DE TULA;14;
111;VALLE DE GUADALUPE;14;
112;VALLE DE JUAREZ;14;
113;SAN GABRIEL;14;
114;VILLA CORONA;14;
115;VILLA GUERRERO;14;
116;VILLA HIDALGO;14;
117;CAÑADAS DE OBREGON;14;
118;YAHUALICA DE GONZALEZ GALLO;14;
119;ZACOALCO DE TORRES;14;
120;ZAPOPAN;14;
121;ZAPOTILTIC;14;
122;ZAPOTITLAN DE VADILLO;14;
123;ZAPOTLAN DEL REY;14;
124;ZAPOTLANEJO;14;
125;SAN IGNACIO CERRO GORDO;14;
001;ACAMBAY DE RUIZ CASTAÑEDA;15;
002;ACOLMAN;15;
003;ACULCO;15;
004;ALMOLOYA DE ALQUISIRAS;15;
005;ALMOLOYA DE JUAREZ;15;
006;ALMOLOYA DEL RIO;15;
007;AMANALCO;15;
008;AMATEPEC;15;
009;AMECAMECA;15;
010;APAXCO;15;
011;ATENCO;15;
012;ATIZAPAN;15;
013;ATIZAPAN DE ZARAGOZA;15;
014;ATLACOMULCO;15;
015;ATLAUTLA;15;
016;AXAPUSCO;15;
017;AYAPANGO;15;
018;CALIMAYA;15;
019;CAPULHUAC;15;
020;COACALCO DE BERRIOZABAL;15;
021;COATEPEC HARINAS;15;
022;COCOTITLAN;15;
023;COYOTEPEC;15;
024;CUAUTITLAN;15;
025;CHALCO;15;
026;CHAPA DE MOTA;15;
027;CHAPULTEPEC;15;
028;CHIAUTLA;15;
029;CHICOLOAPAN;15;
030;CHICONCUAC;15;
031;CHIMALHUACAN;15;
032;DONATO GUERRA;15;
033;ECATEPEC DE MORELOS;15;
034;ECATZINGO;15;
035;HUEHUETOCA;15;
036;HUEYPOXTLA;15;
037;HUIXQUILUCAN;15;
038;ISIDRO FABELA;15;
039;IXTAPALUCA;15;
040;IXTAPAN DE LA SAL;15;
041;IXTAPAN DEL ORO;15;
042;IXTLAHUACA;15;
043;XALATLACO;15;
044;JALTENCO;15;
045;JILOTEPEC;15;
046;JILOTZINGO;15;
047;JIQUIPILCO;15;
048;JOCOTITLAN;15;
049;JOQUICINGO;15;
050;JUCHITEPEC;15;
051;LERMA;15;
052;MALINALCO;15;
053;MELCHOR OCAMPO;15;
054;METEPEC;15;
055;MEXICALTZINGO;15;
056;MORELOS;15;
057;NAUCALPAN DE JUAREZ;15;
058;NEZAHUALCOYOTL;15;
059;NEXTLALPAN;15;
060;NICOLAS ROMERO;15;
061;NOPALTEPEC;15;
062;OCOYOACAC;15;
063;OCUILAN;15;
064;EL ORO;15;
065;OTUMBA;15;
066;OTZOLOAPAN;15;
067;OTZOLOTEPEC;15;
068;OZUMBA;15;
069;PAPALOTLA;15;
070;LA PAZ;15;
071;POLOTITLAN;15;
072;RAYON;15;
073;SAN ANTONIO LA ISLA;15;
074;SAN FELIPE DEL PROGRESO;15;
075;SAN MARTIN DE LAS PIRAMIDES;15;
076;SAN MATEO ATENCO;15;
077;SAN SIMON DE GUERRERO;15;
078;SANTO TOMAS;15;
079;SOYANIQUILPAN DE JUAREZ;15;
080;SULTEPEC;15;
081;TECAMAC;15;
082;TEJUPILCO;15;
083;TEMAMATLA;15;
084;TEMASCALAPA;15;
085;TEMASCALCINGO;15;
086;TEMASCALTEPEC;15;
087;TEMOAYA;15;
088;TENANCINGO;15;
089;TENANGO DEL AIRE;15;
090;TENANGO DEL VALLE;15;
091;TEOLOYUCAN;15;
092;TEOTIHUACAN;15;
093;TEPETLAOXTOC;15;
094;TEPETLIXPA;15;
095;TEPOTZOTLAN;15;
096;TEQUIXQUIAC;15;
097;TEXCALTITLAN;15;
098;TEXCALYACAC;15;
099;TEXCOCO;15;
100;TEZOYUCA;15;
101;TIANGUISTENCO;15;
102;TIMILPAN;15;
103;TLALMANALCO;15;
104;TLALNEPANTLA DE BAZ;15;
105;TLATLAYA;15;
106;TOLUCA;15;
107;TONATICO;15;
108;TULTEPEC;15;
109;TULTITLAN;15;
110;VALLE DE BRAVO;15;
111;VILLA DE ALLENDE;15;
112;VILLA DEL CARBON;15;
113;VILLA GUERRERO;15;
114;VILLA VICTORIA;15;
115;XONACATLAN;15;
116;ZACAZONAPAN;15;
117;ZACUALPAN;15;
118;ZINACANTEPEC;15;
119;ZUMPAHUACAN;15;
120;ZUMPANGO;15;
121;CUAUTITLAN IZCALLI;15;
122;VALLE DE CHALCO SOLIDARIDAD;15;
123;LUVIANOS;15;
124;SAN JOSE DEL RINCON;15;
125;TONANITLA;15;
001;ACUITZIO;16;
002;AGUILILLA;16;
003;ALVARO OBREGON;16;
004;ANGAMACUTIRO;16;
005;ANGANGUEO;16;
006;APATZINGAN;16;
007;APORO;16;
008;AQUILA;16;
009;ARIO;16;
010;ARTEAGA;16;
011;BRISEÑAS;16;
012;BUENAVISTA;16;
013;CARACUARO;16;
014;COAHUAYANA;16;
015;COALCOMAN DE VAZQUEZ PALLARES;16;
016;COENEO;16;
017;CONTEPEC;16;
018;COPANDARO;16;
019;COTIJA;16;
020;CUITZEO;16;
021;CHARAPAN;16;
022;CHARO;16;
023;CHAVINDA;16;
024;CHERAN;16;
025;CHILCHOTA;16;
026;CHINICUILA;16;
027;CHUCANDIRO;16;
028;CHURINTZIO;16;
029;CHURUMUCO;16;
030;ECUANDUREO;16;
031;EPITACIO HUERTA;16;
032;ERONGARICUARO;16;
033;GABRIEL ZAMORA;16;
034;HIDALGO;16;
035;LA HUACANA;16;
036;HUANDACAREO;16;
037;HUANIQUEO;16;
038;HUETAMO;16;
039;HUIRAMBA;16;
040;INDAPARAPEO;16;
041;IRIMBO;16;
042;IXTLAN;16;
043;JACONA;16;
044;JIMENEZ;16;
045;JIQUILPAN;16;
046;JUAREZ;16;
047;JUNGAPEO;16;
048;LAGUNILLAS;16;
049;MADERO;16;
050;MARAVATIO;16;
051;MARCOS CASTELLANOS;16;
052;LAZARO CARDENAS;16;
053;MORELIA;16;
054;MORELOS;16;
055;MUGICA;16;
056;NAHUATZEN;16;
057;NOCUPETARO;16;
058;NUEVO PARANGARICUTIRO;16;
059;NUEVO URECHO;16;
060;NUMARAN;16;
061;OCAMPO;16;
062;PAJACUARAN;16;
063;PANINDICUARO;16;
064;PARACUARO;16;
065;PARACHO;16;
066;PATZCUARO;16;
067;PENJAMILLO;16;
068;PERIBAN;16;
069;LA PIEDAD;16;
070;PUREPERO;16;
071;PURUANDIRO;16;
072;QUERENDARO;16;
073;QUIROGA;16;
074;COJUMATLAN DE REGULES;16;
075;LOS REYES;16;
076;SAHUAYO;16;
077;SAN LUCAS;16;
078;SANTA ANA MAYA;16;
079;SALVADOR ESCALANTE;16;
080;SENGUIO;16;
081;SUSUPUATO;16;
082;TACAMBARO;16;
083;TANCITARO;16;
084;TANGAMANDAPIO;16;
085;TANGANCICUARO;16;
086;TANHUATO;16;
087;TARETAN;16;
088;TARIMBARO;16;
089;TEPALCATEPEC;16;
090;TINGAMBATO;16;
091;TINGÜINDIN;16;
092;TIQUICHEO DE NICOLAS ROMERO;16;
093;TLALPUJAHUA;16;
094;TLAZAZALCA;16;
095;TOCUMBO;16;
096;TUMBISCATIO;16;
097;TURICATO;16;
098;TUXPAN;16;
099;TUZANTLA;16;
100;TZINTZUNTZAN;16;
101;TZITZIO;16;
102;URUAPAN;16;
103;VENUSTIANO CARRANZA;16;
104;VILLAMAR;16;
105;VISTA HERMOSA;16;
106;YURECUARO;16;
107;ZACAPU;16;
108;ZAMORA;16;
109;ZINAPARO;16;
110;ZINAPECUARO;16;
111;ZIRACUARETIRO;16;
112;ZITACUARO;16;
113;JOSE SIXTO VERDUZCO;16;
001;AMACUZAC;17;
002;ATLATLAHUCAN;17;
003;AXOCHIAPAN;17;
004;AYALA;17;
005;COATLAN DEL RIO;17;
006;CUAUTLA;17;
007;CUERNAVACA;17;
008;EMILIANO ZAPATA;17;
009;HUITZILAC;17;
010;JANTETELCO;17;
011;JIUTEPEC;17;
012;JOJUTLA;17;
013;JONACATEPEC DE LEANDRO VALLE;17;
014;MAZATEPEC;17;
015;MIACATLAN;17;
016;OCUITUCO;17;
017;PUENTE DE IXTLA;17;
018;TEMIXCO;17;
019;TEPALCINGO;17;
020;TEPOZTLAN;17;
021;TETECALA;17;
022;TETELA DEL VOLCAN;17;
023;TLALNEPANTLA;17;
024;TLALTIZAPAN DE ZAPATA;17;
025;TLAQUILTENANGO;17;
026;TLAYACAPAN;17;
027;TOTOLAPAN;17;
028;XOCHITEPEC;17;
029;YAUTEPEC;17;
030;YECAPIXTLA;17;
031;ZACATEPEC;17;
032;ZACUALPAN DE AMILPAS;17;
033;TEMOAC;17;
034;COATETELCO;17;
035;XOXOCOTLA;17;
036;HUEYAPAN;17;
001;ACAPONETA;18;
002;AHUACATLAN;18;
003;AMATLAN DE CAÑAS;18;
004;COMPOSTELA;18;
005;HUAJICORI;18;
006;IXTLAN DEL RIO;18;
007;JALA;18;
008;XALISCO;18;
009;DEL NAYAR;18;
010;ROSAMORADA;18;
011;RUIZ;18;
012;SAN BLAS;18;
013;SAN PEDRO LAGUNILLAS;18;
014;SANTA MARIA DEL ORO;18;
015;SANTIAGO IXCUINTLA;18;
016;TECUALA;18;
017;TEPIC;18;
018;TUXPAN;18;
019;LA YESCA;18;
020;BAHIA DE BANDERAS;18;
001;ABASOLO;19;
002;AGUALEGUAS;19;
003;LOS ALDAMAS;19;
004;ALLENDE;19;
005;ANAHUAC;19;
006;APODACA;19;
007;ARAMBERRI;19;
008;BUSTAMANTE;19;
009;CADEREYTA JIMENEZ;19;
010;EL CARMEN;19;
011;CERRALVO;19;
012;CIENEGA DE FLORES;19;
013;CHINA;19;
014;DOCTOR ARROYO;19;
015;DOCTOR COSS;19;
016;DOCTOR GONZALEZ;19;
017;GALEANA;19;
018;GARCIA;19;
019;SAN PEDRO GARZA GARCIA;19;
020;GENERAL BRAVO;19;
021;GENERAL ESCOBEDO;19;
022;GENERAL TERAN;19;
023;GENERAL TREVIÑO;19;
024;GENERAL ZARAGOZA;19;
025;GENERAL ZUAZUA;19;
026;GUADALUPE;19;
027;LOS HERRERAS;19;
028;HIGUERAS;19;
029;HUALAHUISES;19;
030;ITURBIDE;19;
031;JUAREZ;19;
032;LAMPAZOS DE NARANJO;19;
033;LINARES;19;
034;MARIN;19;
035;MELCHOR OCAMPO;19;
036;MIER Y NORIEGA;19;
037;MINA;19;
038;MONTEMORELOS;19;
039;MONTERREY;19;
040;PARAS;19;
041;PESQUERIA;19;
042;LOS RAMONES;19;
043;RAYONES;19;
044;SABINAS HIDALGO;19;
045;SALINAS VICTORIA;19;
046;SAN NICOLAS DE LOS GARZA;19;
047;HIDALGO;19;
048;SANTA CATARINA;19;
049;SANTIAGO;19;
050;VALLECILLO;19;
051;VILLALDAMA;19;
001;ABEJONES;20;
002;ACATLAN DE PEREZ FIGUEROA;20;
003;ASUNCION CACALOTEPEC;20;
004;ASUNCION CUYOTEPEJI;20;
005;ASUNCION IXTALTEPEC;20;
006;ASUNCION NOCHIXTLAN;20;
007;ASUNCION OCOTLAN;20;
008;ASUNCION TLACOLULITA;20;
009;AYOTZINTEPEC;20;
010;EL BARRIO DE LA SOLEDAD;20;
011;CALIHUALA;20;
012;CANDELARIA LOXICHA;20;
013;CIENEGA DE ZIMATLAN;20;
014;CIUDAD IXTEPEC;20;
015;COATECAS ALTAS;20;
016;COICOYAN DE LAS FLORES;20;
017;LA COMPAÑIA;20;
018;CONCEPCION BUENAVISTA;20;
019;CONCEPCION PAPALO;20;
020;CONSTANCIA DEL ROSARIO;20;
021;COSOLAPA;20;
022;COSOLTEPEC;20;
023;CUILAPAM DE GUERRERO;20;
024;CUYAMECALCO VILLA DE ZARAGOZA;20;
025;CHAHUITES;20;
026;CHALCATONGO DE HIDALGO;20;
027;CHIQUIHUITLAN DE BENITO JUAREZ;20;
028;HEROICA CIUDAD DE EJUTLA DE CRESPO;20;
029;ELOXOCHITLAN DE FLORES MAGON;20;
030;EL ESPINAL;20;
031;TAMAZULAPAM DEL ESPIRITU SANTO;20;
032;FRESNILLO DE TRUJANO;20;
033;GUADALUPE ETLA;20;
034;GUADALUPE DE RAMIREZ;20;
035;GUELATAO DE JUAREZ;20;
036;GUEVEA DE HUMBOLDT;20;
037;MESONES HIDALGO;20;
038;VILLA HIDALGO;20;
039;HEROICA CIUDAD DE HUAJUAPAN DE LEON;20;
040;HUAUTEPEC;20;
041;HUAUTLA DE JIMENEZ;20;
042;IXTLAN DE JUAREZ;20;
043;JUCHITAN DE ZARAGOZA;20;
044;LOMA BONITA;20;
045;MAGDALENA APASCO;20;
046;MAGDALENA JALTEPEC;20;
047;SANTA MAGDALENA JICOTLAN;20;
048;MAGDALENA MIXTEPEC;20;
049;MAGDALENA OCOTLAN;20;
050;MAGDALENA PEÑASCO;20;
051;MAGDALENA TEITIPAC;20;
052;MAGDALENA TEQUISISTLAN;20;
053;MAGDALENA TLACOTEPEC;20;
054;MAGDALENA ZAHUATLAN;20;
055;MARISCALA DE JUAREZ;20;
056;MARTIRES DE TACUBAYA;20;
057;MATIAS ROMERO AVENDAÑO;20;
058;MAZATLAN VILLA DE FLORES;20;
059;MIAHUATLAN DE PORFIRIO DIAZ;20;
060;MIXISTLAN DE LA REFORMA;20;
061;MONJAS;20;
062;NATIVIDAD;20;
063;NAZARENO ETLA;20;
064;NEJAPA DE MADERO;20;
065;IXPANTEPEC NIEVES;20;
066;SANTIAGO NILTEPEC;20;
067;OAXACA DE JUAREZ;20;
068;OCOTLAN DE MORELOS;20;
069;LA PE;20;
070;PINOTEPA DE DON LUIS;20;
071;PLUMA HIDALGO;20;
072;SAN JOSE DEL PROGRESO;20;
073;PUTLA VILLA DE GUERRERO;20;
074;SANTA CATARINA QUIOQUITANI;20;
075;REFORMA DE PINEDA;20;
076;LA REFORMA;20;
077;REYES ETLA;20;
078;ROJAS DE CUAUHTEMOC;20;
079;SALINA CRUZ;20;
080;SAN AGUSTIN AMATENGO;20;
081;SAN AGUSTIN ATENANGO;20;
082;SAN AGUSTIN CHAYUCO;20;
083;SAN AGUSTIN DE LAS JUNTAS;20;
084;SAN AGUSTIN ETLA;20;
085;SAN AGUSTIN LOXICHA;20;
086;SAN AGUSTIN TLACOTEPEC;20;
087;SAN AGUSTIN YATARENI;20;
088;SAN ANDRES CABECERA NUEVA;20;
089;SAN ANDRES DINICUITI;20;
090;SAN ANDRES HUAXPALTEPEC;20;
091;SAN ANDRES HUAYAPAM;20;
092;SAN ANDRES IXTLAHUACA;20;
093;SAN ANDRES LAGUNAS;20;
094;SAN ANDRES NUXIÑO;20;
095;SAN ANDRES PAXTLAN;20;
096;SAN ANDRES SINAXTLA;20;
097;SAN ANDRES SOLAGA;20;
098;SAN ANDRES TEOTILALPAM;20;
099;SAN ANDRES TEPETLAPA;20;
100;SAN ANDRES YAA;20;
101;SAN ANDRES ZABACHE;20;
102;SAN ANDRES ZAUTLA;20;
103;SAN ANTONINO CASTILLO VELASCO;20;
104;SAN ANTONINO EL ALTO;20;
105;SAN ANTONINO MONTE VERDE;20;
106;SAN ANTONIO ACUTLA;20;
107;SAN ANTONIO DE LA CAL;20;
108;SAN ANTONIO HUITEPEC;20;
109;SAN ANTONIO NANAHUATIPAM;20;
110;SAN ANTONIO SINICAHUA;20;
111;SAN ANTONIO TEPETLAPA;20;
112;SAN BALTAZAR CHICHICAPAM;20;
113;SAN BALTAZAR LOXICHA;20;
114;SAN BALTAZAR YATZACHI EL BAJO;20;
115;SAN BARTOLO COYOTEPEC;20;
116;SAN BARTOLOME AYAUTLA;20;
117;SAN BARTOLOME LOXICHA;20;
118;SAN BARTOLOME QUIALANA;20;
119;SAN BARTOLOME YUCUAÑE;20;
120;SAN BARTOLOME ZOOGOCHO;20;
121;SAN BARTOLO SOYALTEPEC;20;
122;SAN BARTOLO YAUTEPEC;20;
123;SAN BERNARDO MIXTEPEC;20;
124;SAN BLAS ATEMPA;20;
125;SAN CARLOS YAUTEPEC;20;
126;SAN CRISTOBAL AMATLAN;20;
127;SAN CRISTOBAL AMOLTEPEC;20;
128;SAN CRISTOBAL LACHIRIOAG;20;
129;SAN CRISTOBAL SUCHIXTLAHUACA;20;
130;SAN DIONISIO DEL MAR;20;
131;SAN DIONISIO OCOTEPEC;20;
132;SAN DIONISIO OCOTLAN;20;
133;SAN ESTEBAN ATATLAHUCA;20;
134;SAN FELIPE JALAPA DE DIAZ;20;
135;SAN FELIPE TEJALAPAM;20;
136;SAN FELIPE USILA;20;
137;SAN FRANCISCO CAHUACUA;20;
138;SAN FRANCISCO CAJONOS;20;
139;SAN FRANCISCO CHAPULAPA;20;
140;SAN FRANCISCO CHINDUA;20;
141;SAN FRANCISCO DEL MAR;20;
142;SAN FRANCISCO HUEHUETLAN;20;
143;SAN FRANCISCO IXHUATAN;20;
144;SAN FRANCISCO JALTEPETONGO;20;
145;SAN FRANCISCO LACHIGOLO;20;
146;SAN FRANCISCO LOGUECHE;20;
147;SAN FRANCISCO NUXAÑO;20;
148;SAN FRANCISCO OZOLOTEPEC;20;
149;SAN FRANCISCO SOLA;20;
150;SAN FRANCISCO TELIXTLAHUACA;20;
151;SAN FRANCISCO TEOPAN;20;
152;SAN FRANCISCO TLAPANCINGO;20;
153;SAN GABRIEL MIXTEPEC;20;
154;SAN ILDEFONSO AMATLAN;20;
155;SAN ILDEFONSO SOLA;20;
156;SAN ILDEFONSO VILLA ALTA;20;
157;SAN JACINTO AMILPAS;20;
158;SAN JACINTO TLACOTEPEC;20;
159;SAN JERONIMO COATLAN;20;
160;SAN JERONIMO SILACAYOAPILLA;20;
161;SAN JERONIMO SOSOLA;20;
162;SAN JERONIMO TAVICHE;20;
163;SAN JERONIMO TECOATL;20;
164;SAN JORGE NUCHITA;20;
165;SAN JOSE AYUQUILA;20;
166;SAN JOSE CHILTEPEC;20;
167;SAN JOSE DEL PEÑASCO;20;
168;SAN JOSE ESTANCIA GRANDE;20;
169;SAN JOSE INDEPENDENCIA;20;
170;SAN JOSE LACHIGUIRI;20;
171;SAN JOSE TENANGO;20;
172;SAN JUAN ACHIUTLA;20;
173;SAN JUAN ATEPEC;20;
174;ANIMAS TRUJANO;20;
175;SAN JUAN BAUTISTA ATATLAHUCA;20;
176;SAN JUAN BAUTISTA COIXTLAHUACA;20;
177;SAN JUAN BAUTISTA CUICATLAN;20;
178;SAN JUAN BAUTISTA GUELACHE;20;
179;SAN JUAN BAUTISTA JAYACATLAN;20;
180;SAN JUAN BAUTISTA LO DE SOTO;20;
181;SAN JUAN BAUTISTA SUCHITEPEC;20;
182;SAN JUAN BAUTISTA TLACOATZINTEPEC;20;
183;SAN JUAN BAUTISTA TLACHICHILCO;20;
184;SAN JUAN BAUTISTA TUXTEPEC;20;
185;SAN JUAN CACAHUATEPEC;20;
186;SAN JUAN CIENEGUILLA;20;
187;SAN JUAN COATZOSPAM;20;
188;SAN JUAN COLORADO;20;
189;SAN JUAN COMALTEPEC;20;
190;SAN JUAN COTZOCON;20;
191;SAN JUAN CHICOMEZUCHIL;20;
192;SAN JUAN CHILATECA;20;
193;SAN JUAN DEL ESTADO;20;
194;SAN JUAN DEL RIO;20;
195;SAN JUAN DIUXI;20;
196;SAN JUAN EVANGELISTA ANALCO;20;
197;SAN JUAN GUELAVIA;20;
198;SAN JUAN GUICHICOVI;20;
199;SAN JUAN IHUALTEPEC;20;
200;SAN JUAN JUQUILA MIXES;20;
201;SAN JUAN JUQUILA VIJANOS;20;
202;SAN JUAN LACHAO;20;
203;SAN JUAN LACHIGALLA;20;
204;SAN JUAN LAJARCIA;20;
205;SAN JUAN LALANA;20;
206;SAN JUAN DE LOS CUES;20;
207;SAN JUAN MAZATLAN;20;
208;SAN JUAN MIXTEPEC;20;
209;SAN JUAN MIXTEPEC;20;
210;SAN JUAN ÑUMI;20;
211;SAN JUAN OZOLOTEPEC;20;
212;SAN JUAN PETLAPA;20;
213;SAN JUAN QUIAHIJE;20;
214;SAN JUAN QUIOTEPEC;20;
215;SAN JUAN SAYULTEPEC;20;
216;SAN JUAN TABAA;20;
217;SAN JUAN TAMAZOLA;20;
218;SAN JUAN TEITA;20;
219;SAN JUAN TEITIPAC;20;
220;SAN JUAN TEPEUXILA;20;
221;SAN JUAN TEPOSCOLULA;20;
222;SAN JUAN YAEE;20;
223;SAN JUAN YATZONA;20;
224;SAN JUAN YUCUITA;20;
225;SAN LORENZO;20;
226;SAN LORENZO ALBARRADAS;20;
227;SAN LORENZO CACAOTEPEC;20;
228;SAN LORENZO CUAUNECUILTITLA;20;
229;SAN LORENZO TEXMELUCAN;20;
230;SAN LORENZO VICTORIA;20;
231;SAN LUCAS CAMOTLAN;20;
232;SAN LUCAS OJITLAN;20;
233;SAN LUCAS QUIAVINI;20;
234;SAN LUCAS ZOQUIAPAM;20;
235;SAN LUIS AMATLAN;20;
236;SAN MARCIAL OZOLOTEPEC;20;
237;SAN MARCOS ARTEAGA;20;
238;SAN MARTIN DE LOS CANSECOS;20;
239;SAN MARTIN HUAMELULPAM;20;
240;SAN MARTIN ITUNYOSO;20;
241;SAN MARTIN LACHILA;20;
242;SAN MARTIN PERAS;20;
243;SAN MARTIN TILCAJETE;20;
244;SAN MARTIN TOXPALAN;20;
245;SAN MARTIN ZACATEPEC;20;
246;SAN MATEO CAJONOS;20;
247;CAPULALPAM DE MENDEZ;20;
248;SAN MATEO DEL MAR;20;
249;SAN MATEO YOLOXOCHITLAN;20;
250;SAN MATEO ETLATONGO;20;
251;SAN MATEO NEJAPAM;20;
252;SAN MATEO PEÑASCO;20;
253;SAN MATEO PIÑAS;20;
254;SAN MATEO RIO HONDO;20;
255;SAN MATEO SINDIHUI;20;
256;SAN MATEO TLAPILTEPEC;20;
257;SAN MELCHOR BETAZA;20;
258;SAN MIGUEL ACHIUTLA;20;
259;SAN MIGUEL AHUEHUETITLAN;20;
260;SAN MIGUEL ALOAPAM;20;
261;SAN MIGUEL AMATITLAN;20;
262;SAN MIGUEL AMATLAN;20;
263;SAN MIGUEL COATLAN;20;
264;SAN MIGUEL CHICAHUA;20;
265;SAN MIGUEL CHIMALAPA;20;
266;SAN MIGUEL DEL PUERTO;20;
267;SAN MIGUEL DEL RIO;20;
268;SAN MIGUEL EJUTLA;20;
269;SAN MIGUEL EL GRANDE;20;
270;SAN MIGUEL HUAUTLA;20;
271;SAN MIGUEL MIXTEPEC;20;
272;SAN MIGUEL PANIXTLAHUACA;20;
273;SAN MIGUEL PERAS;20;
274;SAN MIGUEL PIEDRAS;20;
275;SAN MIGUEL QUETZALTEPEC;20;
276;SAN MIGUEL SANTA FLOR;20;
277;VILLA SOLA DE VEGA;20;
278;SAN MIGUEL SOYALTEPEC;20;
279;SAN MIGUEL SUCHIXTEPEC;20;
280;VILLA TALEA DE CASTRO;20;
281;SAN MIGUEL TECOMATLAN;20;
282;SAN MIGUEL TENANGO;20;
283;SAN MIGUEL TEQUIXTEPEC;20;
284;SAN MIGUEL TILQUIAPAM;20;
285;SAN MIGUEL TLACAMAMA;20;
286;SAN MIGUEL TLACOTEPEC;20;
287;SAN MIGUEL TULANCINGO;20;
288;SAN MIGUEL YOTAO;20;
289;SAN NICOLAS;20;
290;SAN NICOLAS HIDALGO;20;
291;SAN PABLO COATLAN;20;
292;SAN PABLO CUATRO VENADOS;20;
293;SAN PABLO ETLA;20;
294;SAN PABLO HUITZO;20;
295;SAN PABLO HUIXTEPEC;20;
296;SAN PABLO MACUILTIANGUIS;20;
297;SAN PABLO TIJALTEPEC;20;
298;SAN PABLO VILLA DE MITLA;20;
299;SAN PABLO YAGANIZA;20;
300;SAN PEDRO AMUZGOS;20;
301;SAN PEDRO APOSTOL;20;
302;SAN PEDRO ATOYAC;20;
303;SAN PEDRO CAJONOS;20;
304;SAN PEDRO COXCALTEPEC CANTAROS;20;
305;SAN PEDRO COMITANCILLO;20;
306;SAN PEDRO EL ALTO;20;
307;SAN PEDRO HUAMELULA;20;
308;SAN PEDRO HUILOTEPEC;20;
309;SAN PEDRO IXCATLAN;20;
310;SAN PEDRO IXTLAHUACA;20;
311;SAN PEDRO JALTEPETONGO;20;
312;SAN PEDRO JICAYAN;20;
313;SAN PEDRO JOCOTIPAC;20;
314;SAN PEDRO JUCHATENGO;20;
315;SAN PEDRO MARTIR;20;
316;SAN PEDRO MARTIR QUIECHAPA;20;
317;SAN PEDRO MARTIR YUCUXACO;20;
318;SAN PEDRO MIXTEPEC;20;
319;SAN PEDRO MIXTEPEC;20;
320;SAN PEDRO MOLINOS;20;
321;SAN PEDRO NOPALA;20;
322;SAN PEDRO OCOPETATILLO;20;
323;SAN PEDRO OCOTEPEC;20;
324;SAN PEDRO POCHUTLA;20;
325;SAN PEDRO QUIATONI;20;
326;SAN PEDRO SOCHIAPAM;20;
327;SAN PEDRO TAPANATEPEC;20;
328;SAN PEDRO TAVICHE;20;
329;SAN PEDRO TEOZACOALCO;20;
330;SAN PEDRO TEUTILA;20;
331;SAN PEDRO TIDAA;20;
332;SAN PEDRO TOPILTEPEC;20;
333;SAN PEDRO TOTOLAPAM;20;
334;VILLA DE TUTUTEPEC;20;
335;SAN PEDRO YANERI;20;
336;SAN PEDRO YOLOX;20;
337;SAN PEDRO Y SAN PABLO AYUTLA;20;
338;VILLA DE ETLA;20;
339;SAN PEDRO Y SAN PABLO TEPOSCOLULA;20;
340;SAN PEDRO Y SAN PABLO TEQUIXTEPEC;20;
341;SAN PEDRO YUCUNAMA;20;
342;SAN RAYMUNDO JALPAN;20;
343;SAN SEBASTIAN ABASOLO;20;
344;SAN SEBASTIAN COATLAN;20;
345;SAN SEBASTIAN IXCAPA;20;
346;SAN SEBASTIAN NICANANDUTA;20;
347;SAN SEBASTIAN RIO HONDO;20;
348;SAN SEBASTIAN TECOMAXTLAHUACA;20;
349;SAN SEBASTIAN TEITIPAC;20;
350;SAN SEBASTIAN TUTLA;20;
351;SAN SIMON ALMOLONGAS;20;
352;SAN SIMON ZAHUATLAN;20;
353;SANTA ANA;20;
354;SANTA ANA ATEIXTLAHUACA;20;
355;SANTA ANA CUAUHTEMOC;20;
356;SANTA ANA DEL VALLE;20;
357;SANTA ANA TAVELA;20;
358;SANTA ANA TLAPACOYAN;20;
359;SANTA ANA YARENI;20;
360;SANTA ANA ZEGACHE;20;
361;SANTA CATALINA QUIERI;20;
362;SANTA CATARINA CUIXTLA;20;
363;SANTA CATARINA IXTEPEJI;20;
364;SANTA CATARINA JUQUILA;20;
365;SANTA CATARINA LACHATAO;20;
366;SANTA CATARINA LOXICHA;20;
367;SANTA CATARINA MECHOACAN;20;
368;SANTA CATARINA MINAS;20;
369;SANTA CATARINA QUIANE;20;
370;SANTA CATARINA TAYATA;20;
371;SANTA CATARINA TICUA;20;
372;SANTA CATARINA YOSONOTU;20;
373;SANTA CATARINA ZAPOQUILA;20;
374;SANTA CRUZ ACATEPEC;20;
375;SANTA CRUZ AMILPAS;20;
376;SANTA CRUZ DE BRAVO;20;
377;SANTA CRUZ ITUNDUJIA;20;
378;SANTA CRUZ MIXTEPEC;20;
379;SANTA CRUZ NUNDACO;20;
380;SANTA CRUZ PAPALUTLA;20;
381;SANTA CRUZ TACACHE DE MINA;20;
382;SANTA CRUZ TACAHUA;20;
383;SANTA CRUZ TAYATA;20;
384;SANTA CRUZ XITLA;20;
385;SANTA CRUZ XOXOCOTLAN;20;
386;SANTA CRUZ ZENZONTEPEC;20;
387;SANTA GERTRUDIS;20;
388;SANTA INES DEL MONTE;20;
389;SANTA INES YATZECHE;20;
390;SANTA LUCIA DEL CAMINO;20;
391;SANTA LUCIA MIAHUATLAN;20;
392;SANTA LUCIA MONTEVERDE;20;
393;SANTA LUCIA OCOTLAN;20;
394;SANTA MARIA ALOTEPEC;20;
395;SANTA MARIA APAZCO;20;
396;SANTA MARIA LA ASUNCION;20;
397;HEROICA CIUDAD DE TLAXIACO;20;
398;AYOQUEZCO DE ALDAMA;20;
399;SANTA MARIA ATZOMPA;20;
400;SANTA MARIA CAMOTLAN;20;
401;SANTA MARIA COLOTEPEC;20;
402;SANTA MARIA CORTIJO;20;
403;SANTA MARIA COYOTEPEC;20;
404;SANTA MARIA CHACHOAPAM;20;
405;VILLA DE CHILAPA DE DIAZ;20;
406;SANTA MARIA CHILCHOTLA;20;
407;SANTA MARIA CHIMALAPA;20;
408;SANTA MARIA DEL ROSARIO;20;
409;SANTA MARIA DEL TULE;20;
410;SANTA MARIA ECATEPEC;20;
411;SANTA MARIA GUELACE;20;
412;SANTA MARIA GUIENAGATI;20;
413;SANTA MARIA HUATULCO;20;
414;SANTA MARIA HUAZOLOTITLAN;20;
415;SANTA MARIA IPALAPA;20;
416;SANTA MARIA IXCATLAN;20;
417;SANTA MARIA JACATEPEC;20;
418;SANTA MARIA JALAPA DEL MARQUES;20;
419;SANTA MARIA JALTIANGUIS;20;
420;SANTA MARIA LACHIXIO;20;
421;SANTA MARIA MIXTEQUILLA;20;
422;SANTA MARIA NATIVITAS;20;
423;SANTA MARIA NDUAYACO;20;
424;SANTA MARIA OZOLOTEPEC;20;
425;SANTA MARIA PAPALO;20;
426;SANTA MARIA PEÑOLES;20;
427;SANTA MARIA PETAPA;20;
428;SANTA MARIA QUIEGOLANI;20;
429;SANTA MARIA SOLA;20;
430;SANTA MARIA TATALTEPEC;20;
431;SANTA MARIA TECOMAVACA;20;
432;SANTA MARIA TEMAXCALAPA;20;
433;SANTA MARIA TEMAXCALTEPEC;20;
434;SANTA MARIA TEOPOXCO;20;
435;SANTA MARIA TEPANTLALI;20;
436;SANTA MARIA TEXCATITLAN;20;
437;SANTA MARIA TLAHUITOLTEPEC;20;
438;SANTA MARIA TLALIXTAC;20;
439;SANTA MARIA TONAMECA;20;
440;SANTA MARIA TOTOLAPILLA;20;
441;SANTA MARIA XADANI;20;
442;SANTA MARIA YALINA;20;
443;SANTA MARIA YAVESIA;20;
444;SANTA MARIA YOLOTEPEC;20;
445;SANTA MARIA YOSOYUA;20;
446;SANTA MARIA YUCUHITI;20;
447;SANTA MARIA ZACATEPEC;20;
448;SANTA MARIA ZANIZA;20;
449;SANTA MARIA ZOQUITLAN;20;
450;SANTIAGO AMOLTEPEC;20;
451;SANTIAGO APOALA;20;
452;SANTIAGO APOSTOL;20;
453;SANTIAGO ASTATA;20;
454;SANTIAGO ATITLAN;20;
455;SANTIAGO AYUQUILILLA;20;
456;SANTIAGO CACALOXTEPEC;20;
457;SANTIAGO CAMOTLAN;20;
458;SANTIAGO COMALTEPEC;20;
459;VILLA DE SANTIAGO CHAZUMBA;20;
460;SANTIAGO CHOAPAM;20;
461;SANTIAGO DEL RIO;20;
462;SANTIAGO HUAJOLOTITLAN;20;
463;SANTIAGO HUAUCLILLA;20;
464;SANTIAGO IHUITLAN PLUMAS;20;
465;SANTIAGO IXCUINTEPEC;20;
466;SANTIAGO IXTAYUTLA;20;
467;SANTIAGO JAMILTEPEC;20;
468;SANTIAGO JOCOTEPEC;20;
469;SANTIAGO JUXTLAHUACA;20;
470;SANTIAGO LACHIGUIRI;20;
471;SANTIAGO LALOPA;20;
472;SANTIAGO LAOLLAGA;20;
473;SANTIAGO LAXOPA;20;
474;SANTIAGO LLANO GRANDE;20;
475;SANTIAGO MATATLAN;20;
476;SANTIAGO MILTEPEC;20;
477;SANTIAGO MINAS;20;
478;SANTIAGO NACALTEPEC;20;
479;SANTIAGO NEJAPILLA;20;
480;SANTIAGO NUNDICHE;20;
481;SANTIAGO NUYOO;20;
482;SANTIAGO PINOTEPA NACIONAL;20;
483;SANTIAGO SUCHILQUITONGO;20;
484;SANTIAGO TAMAZOLA;20;
485;SANTIAGO TAPEXTLA;20;
486;VILLA TEJUPAM DE LA UNION;20;
487;SANTIAGO TENANGO;20;
488;SANTIAGO TEPETLAPA;20;
489;SANTIAGO TETEPEC;20;
490;SANTIAGO TEXCALCINGO;20;
491;SANTIAGO TEXTITLAN;20;
492;SANTIAGO TILANTONGO;20;
493;SANTIAGO TILLO;20;
494;SANTIAGO TLAZOYALTEPEC;20;
495;SANTIAGO XANICA;20;
496;SANTIAGO XIACUI;20;
497;SANTIAGO YAITEPEC;20;
498;SANTIAGO YAVEO;20;
499;SANTIAGO YOLOMECATL;20;
500;SANTIAGO YOSONDUA;20;
501;SANTIAGO YUCUYACHI;20;
502;SANTIAGO ZACATEPEC;20;
503;SANTIAGO ZOOCHILA;20;
504;NUEVO ZOQUIAPAM;20;
505;SANTO DOMINGO INGENIO;20;
506;SANTO DOMINGO ALBARRADAS;20;
507;SANTO DOMINGO ARMENTA;20;
508;SANTO DOMINGO CHIHUITAN;20;
509;SANTO DOMINGO DE MORELOS;20;
510;SANTO DOMINGO IXCATLAN;20;
511;SANTO DOMINGO NUXAA;20;
512;SANTO DOMINGO OZOLOTEPEC;20;
513;SANTO DOMINGO PETAPA;20;
514;SANTO DOMINGO ROAYAGA;20;
515;SANTO DOMINGO TEHUANTEPEC;20;
516;SANTO DOMINGO TEOJOMULCO;20;
517;SANTO DOMINGO TEPUXTEPEC;20;
518;SANTO DOMINGO TLATAYAPAM;20;
519;SANTO DOMINGO TOMALTEPEC;20;
520;SANTO DOMINGO TONALA;20;
521;SANTO DOMINGO TONALTEPEC;20;
522;SANTO DOMINGO XAGACIA;20;
523;SANTO DOMINGO YANHUITLAN;20;
524;SANTO DOMINGO YODOHINO;20;
525;SANTO DOMINGO ZANATEPEC;20;
526;SANTOS REYES NOPALA;20;
527;SANTOS REYES PAPALO;20;
528;SANTOS REYES TEPEJILLO;20;
529;SANTOS REYES YUCUNA;20;
530;SANTO TOMAS JALIEZA;20;
531;SANTO TOMAS MAZALTEPEC;20;
532;SANTO TOMAS OCOTEPEC;20;
533;SANTO TOMAS TAMAZULAPAN;20;
534;SAN VICENTE COATLAN;20;
535;SAN VICENTE LACHIXIO;20;
536;SAN VICENTE NUÑU;20;
537;SILACAYOAPAM;20;
538;SITIO DE XITLAPEHUA;20;
539;SOLEDAD ETLA;20;
540;VILLA DE TAMAZULAPAM DEL PROGRESO;20;
541;TANETZE DE ZARAGOZA;20;
542;TANICHE;20;
543;TATALTEPEC DE VALDES;20;
544;TEOCOCUILCO DE MARCOS PEREZ;20;
545;TEOTITLAN DE FLORES MAGON;20;
546;TEOTITLAN DEL VALLE;20;
547;TEOTONGO;20;
548;TEPELMEME VILLA DE MORELOS;20;
549;HEROICA VILLA TEZOATLAN DE SEGURA Y LUNA, CUNA DE LA INDEPENDENCIA DE OAXACA;20;
550;SAN JERONIMO TLACOCHAHUAYA;20;
551;TLACOLULA DE MATAMOROS;20;
552;TLACOTEPEC PLUMAS;20;
553;TLALIXTAC DE CABRERA;20;
554;TOTONTEPEC VILLA DE MORELOS;20;
555;TRINIDAD ZAACHILA;20;
556;LA TRINIDAD VISTA HERMOSA;20;
557;UNION HIDALGO;20;
558;VALERIO TRUJANO;20;
559;SAN JUAN BAUTISTA VALLE NACIONAL;20;
560;VILLA DIAZ ORDAZ;20;
561;YAXE;20;
562;MAGDALENA YODOCONO DE PORFIRIO DIAZ;20;
563;YOGANA;20;
564;YUTANDUCHI DE GUERRERO;20;
565;VILLA DE ZAACHILA;20;
566;SAN MATEO YUCUTINDOO;20;
567;ZAPOTITLAN LAGUNAS;20;
568;ZAPOTITLAN PALMAS;20;
569;SANTA INES DE ZARAGOZA;20;
570;ZIMATLAN DE ALVAREZ;20;
001;ACAJETE;21;
002;ACATENO;21;
003;ACATLAN;21;
004;ACATZINGO;21;
005;ACTEOPAN;21;
006;AHUACATLAN;21;
007;AHUATLAN;21;
008;AHUAZOTEPEC;21;
009;AHUEHUETITLA;21;
010;AJALPAN;21;
011;ALBINO ZERTUCHE;21;
012;ALJOJUCA;21;
013;ALTEPEXI;21;
014;AMIXTLAN;21;
015;AMOZOC;21;
016;AQUIXTLA;21;
017;ATEMPAN;21;
018;ATEXCAL;21;
019;ATLIXCO;21;
020;ATOYATEMPAN;21;
021;ATZALA;21;
022;ATZITZIHUACAN;21;
023;ATZITZINTLA;21;
024;AXUTLA;21;
025;AYOTOXCO DE GUERRERO;21;
026;CALPAN;21;
027;CALTEPEC;21;
028;CAMOCUAUTLA;21;
029;CAXHUACAN;21;
030;COATEPEC;21;
031;COATZINGO;21;
032;COHETZALA;21;
033;COHUECAN;21;
034;CORONANGO;21;
035;COXCATLAN;21;
036;COYOMEAPAN;21;
037;COYOTEPEC;21;
038;CUAPIAXTLA DE MADERO;21;
039;CUAUTEMPAN;21;
040;CUAUTINCHAN;21;
041;CUAUTLANCINGO;21;
042;CUAYUCA DE ANDRADE;21;
043;CUETZALAN DEL PROGRESO;21;
044;CUYOACO;21;
045;CHALCHICOMULA DE SESMA;21;
046;CHAPULCO;21;
047;CHIAUTLA;21;
048;CHIAUTZINGO;21;
049;CHICONCUAUTLA;21;
050;CHICHIQUILA;21;
051;CHIETLA;21;
052;CHIGMECATITLAN;21;
053;CHIGNAHUAPAN;21;
054;CHIGNAUTLA;21;
055;CHILA;21;
056;CHILA DE LA SAL;21;
057;HONEY;21;
058;CHILCHOTLA;21;
059;CHINANTLA;21;
060;DOMINGO ARENAS;21;
061;ELOXOCHITLAN;21;
062;EPATLAN;21;
063;ESPERANZA;21;
064;FRANCISCO Z. MENA;21;
065;GENERAL FELIPE ANGELES;21;
066;GUADALUPE;21;
067;GUADALUPE VICTORIA;21;
068;HERMENEGILDO GALEANA;21;
069;HUAQUECHULA;21;
070;HUATLATLAUCA;21;
071;HUAUCHINANGO;21;
072;HUEHUETLA;21;
073;HUEHUETLAN EL CHICO;21;
074;HUEJOTZINGO;21;
075;HUEYAPAN;21;
076;HUEYTAMALCO;21;
077;HUEYTLALPAN;21;
078;HUITZILAN DE SERDAN;21;
079;HUITZILTEPEC;21;
080;ATLEQUIZAYAN;21;
081;IXCAMILPA DE GUERRERO;21;
082;IXCAQUIXTLA;21;
083;IXTACAMAXTITLAN;21;
084;IXTEPEC;21;
085;IZUCAR DE MATAMOROS;21;
086;JALPAN;21;
087;JOLALPAN;21;
088;JONOTLA;21;
089;JOPALA;21;
090;JUAN C. BONILLA;21;
091;JUAN GALINDO;21;
092;JUAN N. MENDEZ;21;
093;LAFRAGUA;21;
094;LIBRES;21;
095;LA MAGDALENA TLATLAUQUITEPEC;21;
096;MAZAPILTEPEC DE JUAREZ;21;
097;MIXTLA;21;
098;MOLCAXAC;21;
099;CAÑADA MORELOS;21;
100;NAUPAN;21;
101;NAUZONTLA;21;
102;NEALTICAN;21;
103;NICOLAS BRAVO;21;
104;NOPALUCAN;21;
105;OCOTEPEC;21;
106;OCOYUCAN;21;
107;OLINTLA;21;
108;ORIENTAL;21;
109;PAHUATLAN;21;
110;PALMAR DE BRAVO;21;
111;PANTEPEC;21;
112;PETLALCINGO;21;
113;PIAXTLA;21;
114;PUEBLA;21;
115;QUECHOLAC;21;
116;QUIMIXTLAN;21;
117;RAFAEL LARA GRAJALES;21;
118;LOS REYES DE JUAREZ;21;
119;SAN ANDRES CHOLULA;21;
120;SAN ANTONIO CAÑADA;21;
121;SAN DIEGO LA MESA TOCHIMILTZINGO;21;
122;SAN FELIPE TEOTLALCINGO;21;
123;SAN FELIPE TEPATLAN;21;
124;SAN GABRIEL CHILAC;21;
125;SAN GREGORIO ATZOMPA;21;
126;SAN JERONIMO TECUANIPAN;21;
127;SAN JERONIMO XAYACATLAN;21;
128;SAN JOSE CHIAPA;21;
129;SAN JOSE MIAHUATLAN;21;
130;SAN JUAN ATENCO;21;
131;SAN JUAN ATZOMPA;21;
132;SAN MARTIN TEXMELUCAN;21;
133;SAN MARTIN TOTOLTEPEC;21;
134;SAN MATIAS TLALANCALECA;21;
135;SAN MIGUEL IXITLAN;21;
136;SAN MIGUEL XOXTLA;21;
137;SAN NICOLAS BUENOS AIRES;21;
138;SAN NICOLAS DE LOS RANCHOS;21;
139;SAN PABLO ANICANO;21;
140;SAN PEDRO CHOLULA;21;
141;SAN PEDRO YELOIXTLAHUACA;21;
142;SAN SALVADOR EL SECO;21;
143;SAN SALVADOR EL VERDE;21;
144;SAN SALVADOR HUIXCOLOTLA;21;
145;SAN SEBASTIAN TLACOTEPEC;21;
146;SANTA CATARINA TLALTEMPAN;21;
147;SANTA INES AHUATEMPAN;21;
148;SANTA ISABEL CHOLULA;21;
149;SANTIAGO MIAHUATLAN;21;
150;HUEHUETLAN EL GRANDE;21;
151;SANTO TOMAS HUEYOTLIPAN;21;
152;SOLTEPEC;21;
153;TECALI DE HERRERA;21;
154;TECAMACHALCO;21;
155;TECOMATLAN;21;
156;TEHUACAN;21;
157;TEHUITZINGO;21;
158;TENAMPULCO;21;
159;TEOPANTLAN;21;
160;TEOTLALCO;21;
161;TEPANCO DE LOPEZ;21;
162;TEPANGO DE RODRIGUEZ;21;
163;TEPATLAXCO DE HIDALGO;21;
164;TEPEACA;21;
165;TEPEMAXALCO;21;
166;TEPEOJUMA;21;
167;TEPETZINTLA;21;
168;TEPEXCO;21;
169;TEPEXI DE RODRIGUEZ;21;
170;TEPEYAHUALCO;21;
171;TEPEYAHUALCO DE CUAUHTEMOC;21;
172;TETELA DE OCAMPO;21;
173;TETELES DE AVILA CASTILLO;21;
174;TEZIUTLAN;21;
175;TIANGUISMANALCO;21;
176;TILAPA;21;
177;TLACOTEPEC DE BENITO JUAREZ;21;
178;TLACUILOTEPEC;21;
179;TLACHICHUCA;21;
180;TLAHUAPAN;21;
181;TLALTENANGO;21;
182;TLANEPANTLA;21;
183;TLAOLA;21;
184;TLAPACOYA;21;
185;TLAPANALA;21;
186;TLATLAUQUITEPEC;21;
187;TLAXCO;21;
188;TOCHIMILCO;21;
189;TOCHTEPEC;21;
190;TOTOLTEPEC DE GUERRERO;21;
191;TULCINGO;21;
192;TUZAMAPAN DE GALEANA;21;
193;TZICATLACOYAN;21;
194;VENUSTIANO CARRANZA;21;
195;VICENTE GUERRERO;21;
196;XAYACATLAN DE BRAVO;21;
197;XICOTEPEC;21;
198;XICOTLAN;21;
199;XIUTETELCO;21;
200;XOCHIAPULCO;21;
201;XOCHILTEPEC;21;
202;XOCHITLAN DE VICENTE SUAREZ;21;
203;XOCHITLAN TODOS SANTOS;21;
204;YAONAHUAC;21;
205;YEHUALTEPEC;21;
206;ZACAPALA;21;
207;ZACAPOAXTLA;21;
208;ZACATLAN;21;
209;ZAPOTITLAN;21;
210;ZAPOTITLAN DE MENDEZ;21;
211;ZARAGOZA;21;
212;ZAUTLA;21;
213;ZIHUATEUTLA;21;
214;ZINACATEPEC;21;
215;ZONGOZOTLA;21;
216;ZOQUIAPAN;21;
217;ZOQUITLAN;21;
001;AMEALCO DE BONFIL;22;
002;PINAL DE AMOLES;22;
003;ARROYO SECO;22;
004;CADEREYTA DE MONTES;22;
005;COLON;22;
006;CORREGIDORA;22;
007;EZEQUIEL MONTES;22;
008;HUIMILPAN;22;
009;JALPAN DE SERRA;22;
010;LANDA DE MATAMOROS;22;
011;EL MARQUES;22;
012;PEDRO ESCOBEDO;22;
013;PEÑAMILLER;22;
014;QUERETARO;22;
015;SAN JOAQUIN;22;
016;SAN JUAN DEL RIO;22;
017;TEQUISQUIAPAN;22;
018;TOLIMAN;22;
001;COZUMEL;23;
002;FELIPE CARRILLO PUERTO;23;
003;ISLA MUJERES;23;
004;OTHON P. BLANCO;23;
005;BENITO JUAREZ;23;
006;JOSE MARIA MORELOS;23;
007;LAZARO CARDENAS;23;
008;SOLIDARIDAD;23;
009;TULUM;23;
010;BACALAR;23;
011;PUERTO MORELOS;23;
001;AHUALULCO DEL SONIDO 13;24;
002;ALAQUINES;24;
003;AQUISMON;24;
004;ARMADILLO DE LOS INFANTE;24;
005;CARDENAS;24;
006;CATORCE;24;
007;CEDRAL;24;
008;CERRITOS;24;
009;CERRO DE SAN PEDRO;24;
010;CIUDAD DEL MAIZ;24;
011;CIUDAD FERNANDEZ;24;
012;TANCANHUITZ;24;
013;CIUDAD VALLES;24;
014;COXCATLAN;24;
015;CHARCAS;24;
016;EBANO;24;
017;GUADALCAZAR;24;
018;HUEHUETLAN;24;
019;LAGUNILLAS;24;
020;MATEHUALA;24;
021;MEXQUITIC DE CARMONA;24;
022;MOCTEZUMA;24;
023;RAYON;24;
024;RIOVERDE;24;
025;SALINAS;24;
026;SAN ANTONIO;24;
027;SAN CIRO DE ACOSTA;24;
028;SAN LUIS POTOSI;24;
029;SAN MARTIN CHALCHICUAUTLA;24;
030;SAN NICOLAS TOLENTINO;24;
031;SANTA CATARINA;24;
032;SANTA MARIA DEL RIO;24;
033;SANTO DOMINGO;24;
034;SAN VICENTE TANCUAYALAB;24;
035;SOLEDAD DE GRACIANO SANCHEZ;24;
036;TAMASOPO;24;
037;TAMAZUNCHALE;24;
038;TAMPACAN;24;
039;TAMPAMOLON CORONA;24;
040;TAMUIN;24;
041;TANLAJAS;24;
042;TANQUIAN DE ESCOBEDO;24;
043;TIERRA NUEVA;24;
044;VANEGAS;24;
045;VENADO;24;
046;VILLA DE ARRIAGA;24;
047;VILLA DE GUADALUPE;24;
048;VILLA DE LA PAZ;24;
049;VILLA DE RAMOS;24;
050;VILLA DE REYES;24;
051;VILLA HIDALGO;24;
052;VILLA JUAREZ;24;
053;AXTLA DE TERRAZAS;24;
054;XILITLA;24;
055;ZARAGOZA;24;
056;VILLA DE ARISTA;24;
057;MATLAPA;24;
058;EL NARANJO;24;
001;AHOME;25;
002;ANGOSTURA;25;
003;BADIRAGUATO;25;
004;CONCORDIA;25;
005;COSALA;25;
006;CULIACAN;25;
007;CHOIX;25;
008;ELOTA;25;
009;ESCUINAPA;25;
010;EL FUERTE;25;
011;GUASAVE;25;
012;MAZATLAN;25;
013;MOCORITO;25;
014;ROSARIO;25;
015;SALVADOR ALVARADO;25;
016;SAN IGNACIO;25;
017;SINALOA;25;
018;NAVOLATO;25;
001;ACONCHI;26;
002;AGUA PRIETA;26;
003;ALAMOS;26;
004;ALTAR;26;
005;ARIVECHI;26;
006;ARIZPE;26;
007;ATIL;26;
008;BACADEHUACHI;26;
009;BACANORA;26;
010;BACERAC;26;
011;BACOACHI;26;
012;BACUM;26;
013;BANAMICHI;26;
014;BAVIACORA;26;
015;BAVISPE;26;
016;BENJAMIN HILL;26;
017;CABORCA;26;
018;CAJEME;26;
019;CANANEA;26;
020;CARBO;26;
021;LA COLORADA;26;
022;CUCURPE;26;
023;CUMPAS;26;
024;DIVISADEROS;26;
025;EMPALME;26;
026;ETCHOJOA;26;
027;FRONTERAS;26;
028;GRANADOS;26;
029;GUAYMAS;26;
030;HERMOSILLO;26;
031;HUACHINERA;26;
032;HUASABAS;26;
033;HUATABAMPO;26;
034;HUEPAC;26;
035;IMURIS;26;
036;MAGDALENA;26;
037;MAZATAN;26;
038;MOCTEZUMA;26;
039;NACO;26;
040;NACORI CHICO;26;
041;NACOZARI DE GARCIA;26;
042;NAVOJOA;26;
043;NOGALES;26;
044;ONAVAS;26;
045;OPODEPE;26;
046;OQUITOA;26;
047;PITIQUITO;26;
048;PUERTO PEÑASCO;26;
049;QUIRIEGO;26;
050;RAYON;26;
051;ROSARIO;26;
052;SAHUARIPA;26;
053;SAN FELIPE DE JESUS;26;
054;SAN JAVIER;26;
055;SAN LUIS RIO COLORADO;26;
056;SAN MIGUEL DE HORCASITAS;26;
057;SAN PEDRO DE LA CUEVA;26;
058;SANTA ANA;26;
059;SANTA CRUZ;26;
060;SARIC;26;
061;SOYOPA;26;
062;SUAQUI GRANDE;26;
063;TEPACHE;26;
064;TRINCHERAS;26;
065;TUBUTAMA;26;
066;URES;26;
067;VILLA HIDALGO;26;
068;VILLA PESQUEIRA;26;
069;YECORA;26;
070;GENERAL PLUTARCO ELIAS CALLES;26;
071;BENITO JUAREZ;26;
072;SAN IGNACIO RIO MUERTO;26;
001;BALANCAN;27;
002;CARDENAS;27;
003;CENTLA;27;
004;CENTRO;27;
005;COMALCALCO;27;
006;CUNDUACAN;27;
007;EMILIANO ZAPATA;27;
008;HUIMANGUILLO;27;
009;JALAPA;27;
010;JALPA DE MENDEZ;27;
011;JONUTA;27;
012;MACUSPANA;27;
013;NACAJUCA;27;
014;PARAISO;27;
015;TACOTALPA;27;
016;TEAPA;27;
017;TENOSIQUE;27;
001;ABASOLO;28;
002;ALDAMA;28;
003;ALTAMIRA;28;
004;ANTIGUO MORELOS;28;
005;BURGOS;28;
006;BUSTAMANTE;28;
007;CAMARGO;28;
008;CASAS;28;
009;CIUDAD MADERO;28;
010;CRUILLAS;28;
011;GOMEZ FARIAS;28;
012;GONZALEZ;28;
013;GÜEMEZ;28;
014;GUERRERO;28;
015;GUSTAVO DIAZ ORDAZ;28;
016;HIDALGO;28;
017;JAUMAVE;28;
018;JIMENEZ;28;
019;LLERA;28;
020;MAINERO;28;
021;EL MANTE;28;
022;MATAMOROS;28;
023;MENDEZ;28;
024;MIER;28;
025;MIGUEL ALEMAN;28;
026;MIQUIHUANA;28;
027;NUEVO LAREDO;28;
028;NUEVO MORELOS;28;
029;OCAMPO;28;
030;PADILLA;28;
031;PALMILLAS;28;
032;REYNOSA;28;
033;RIO BRAVO;28;
034;SAN CARLOS;28;
035;SAN FERNANDO;28;
036;SAN NICOLAS;28;
037;SOTO LA MARINA;28;
038;TAMPICO;28;
039;TULA;28;
040;VALLE HERMOSO;28;
041;VICTORIA;28;
042;VILLAGRAN;28;
043;XICOTENCATL;28;
001;AMAXAC DE GUERRERO;29;
002;APETATITLAN DE ANTONIO CARVAJAL;29;
003;ATLANGATEPEC;29;
004;ATLTZAYANCA;29;
005;APIZACO;29;
006;CALPULALPAN;29;
007;EL CARMEN TEQUEXQUITLA;29;
008;CUAPIAXTLA;29;
009;CUAXOMULCO;29;
010;CHIAUTEMPAN;29;
011;MUÑOZ DE DOMINGO ARENAS;29;
012;ESPAÑITA;29;
013;HUAMANTLA;29;
014;HUEYOTLIPAN;29;
015;IXTACUIXTLA DE MARIANO MATAMOROS;29;
016;IXTENCO;29;
017;MAZATECOCHCO DE JOSE MARIA MORELOS;29;
018;CONTLA DE JUAN CUAMATZI;29;
019;TEPETITLA DE LARDIZABAL;29;
020;SANCTORUM DE LAZARO CARDENAS;29;
021;NANACAMILPA DE MARIANO ARISTA;29;
022;ACUAMANALA DE MIGUEL HIDALGO;29;
023;NATIVITAS;29;
024;PANOTLA;29;
025;SAN PABLO DEL MONTE;29;
026;SANTA CRUZ TLAXCALA;29;
027;TENANCINGO;29;
028;TEOLOCHOLCO;29;
029;TEPEYANCO;29;
030;TERRENATE;29;
031;TETLA DE LA SOLIDARIDAD;29;
032;TETLATLAHUCA;29;
033;TLAXCALA;29;
034;TLAXCO;29;
035;TOCATLAN;29;
036;TOTOLAC;29;
037;ZILTLALTEPEC DE TRINIDAD SANCHEZ SANTOS;29;
038;TZOMPANTEPEC;29;
039;XALOZTOC;29;
040;XALTOCAN;29;
041;PAPALOTLA DE XICOHTENCATL;29;
042;XICOHTZINCO;29;
043;YAUHQUEMEHCAN;29;
044;ZACATELCO;29;
045;BENITO JUAREZ;29;
046;EMILIANO ZAPATA;29;
047;LAZARO CARDENAS;29;
048;LA MAGDALENA TLALTELULCO;29;
049;SAN DAMIAN TEXOLOC;29;
050;SAN FRANCISCO TETLANOHCAN;29;
051;SAN JERONIMO ZACUALPAN;29;
052;SAN JOSE TEACALCO;29;
053;SAN JUAN HUACTZINCO;29;
054;SAN LORENZO AXOCOMANITLA;29;
055;SAN LUCAS TECOPILCO;29;
056;SANTA ANA NOPALUCAN;29;
057;SANTA APOLONIA TEACALCO;29;
058;SANTA CATARINA AYOMETLA;29;
059;SANTA CRUZ QUILEHTLA;29;
060;SANTA ISABEL XILOXOXTLA;29;
001;ACAJETE;30;
002;ACATLAN;30;
003;ACAYUCAN;30;
004;ACTOPAN;30;
005;ACULA;30;
006;ACULTZINGO;30;
007;CAMARON DE TEJEDA;30;
008;ALPATLAHUAC;30;
009;ALTO LUCERO DE GUTIERREZ BARRIOS;30;
010;ALTOTONGA;30;
011;ALVARADO;30;
012;AMATITLAN;30;
013;NARANJOS AMATLAN;30;
014;AMATLAN DE LOS REYES;30;
015;ANGEL R. CABADA;30;
016;LA ANTIGUA;30;
017;APAZAPAN;30;
018;AQUILA;30;
019;ASTACINGA;30;
020;ATLAHUILCO;30;
021;ATOYAC;30;
022;ATZACAN;30;
023;ATZALAN;30;
024;TLALTETELA;30;
025;AYAHUALULCO;30;
026;BANDERILLA;30;
027;BENITO JUAREZ;30;
028;BOCA DEL RIO;30;
029;CALCAHUALCO;30;
030;CAMERINO Z. MENDOZA;30;
031;CARRILLO PUERTO;30;
032;CATEMACO;30;
033;CAZONES DE HERRERA;30;
034;CERRO AZUL;30;
035;CITLALTEPETL;30;
036;COACOATZINTLA;30;
037;COAHUITLAN;30;
038;COATEPEC;30;
039;COATZACOALCOS;30;
040;COATZINTLA;30;
041;COETZALA;30;
042;COLIPA;30;
043;COMAPA;30;
044;CORDOBA;30;
045;COSAMALOAPAN DE CARPIO;30;
046;COSAUTLAN DE CARVAJAL;30;
047;COSCOMATEPEC;30;
048;COSOLEACAQUE;30;
049;COTAXTLA;30;
050;COXQUIHUI;30;
051;COYUTLA;30;
052;CUICHAPA;30;
053;CUITLAHUAC;30;
054;CHACALTIANGUIS;30;
055;CHALMA;30;
056;CHICONAMEL;30;
057;CHICONQUIACO;30;
058;CHICONTEPEC;30;
059;CHINAMECA;30;
060;CHINAMPA DE GOROSTIZA;30;
061;LAS CHOAPAS;30;
062;CHOCAMAN;30;
063;CHONTLA;30;
064;CHUMATLAN;30;
065;EMILIANO ZAPATA;30;
066;ESPINAL;30;
067;FILOMENO MATA;30;
068;FORTIN;30;
069;GUTIERREZ ZAMORA;30;
070;HIDALGOTITLAN;30;
071;HUATUSCO;30;
072;HUAYACOCOTLA;30;
073;HUEYAPAN DE OCAMPO;30;
074;HUILOAPAN DE CUAUHTEMOC;30;
075;IGNACIO DE LA LLAVE;30;
076;ILAMATLAN;30;
077;ISLA;30;
078;IXCATEPEC;30;
079;IXHUACAN DE LOS REYES;30;
080;IXHUATLAN DEL CAFE;30;
081;IXHUATLANCILLO;30;
082;IXHUATLAN DEL SURESTE;30;
083;IXHUATLAN DE MADERO;30;
084;IXMATLAHUACAN;30;
085;IXTACZOQUITLAN;30;
086;JALACINGO;30;
087;XALAPA;30;
088;JALCOMULCO;30;
089;JALTIPAN;30;
090;JAMAPA;30;
091;JESUS CARRANZA;30;
092;XICO;30;
093;JILOTEPEC;30;
094;JUAN RODRIGUEZ CLARA;30;
095;JUCHIQUE DE FERRER;30;
096;LANDERO Y COSS;30;
097;LERDO DE TEJADA;30;
098;MAGDALENA;30;
099;MALTRATA;30;
100;MANLIO FABIO ALTAMIRANO;30;
101;MARIANO ESCOBEDO;30;
102;MARTINEZ DE LA TORRE;30;
103;MECATLAN;30;
104;MECAYAPAN;30;
105;MEDELLIN DE BRAVO;30;
106;MIAHUATLAN;30;
107;LAS MINAS;30;
108;MINATITLAN;30;
109;MISANTLA;30;
110;MIXTLA DE ALTAMIRANO;30;
111;MOLOACAN;30;
112;NAOLINCO;30;
113;NARANJAL;30;
114;NAUTLA;30;
115;NOGALES;30;
116;OLUTA;30;
117;OMEALCA;30;
118;ORIZABA;30;
119;OTATITLAN;30;
120;OTEAPAN;30;
121;OZULUAMA DE MASCAREÑAS;30;
122;PAJAPAN;30;
123;PANUCO;30;
124;PAPANTLA;30;
125;PASO DEL MACHO;30;
126;PASO DE OVEJAS;30;
127;LA PERLA;30;
128;PEROTE;30;
129;PLATON SANCHEZ;30;
130;PLAYA VICENTE;30;
131;POZA RICA DE HIDALGO;30;
132;LAS VIGAS DE RAMIREZ;30;
133;PUEBLO VIEJO;30;
134;PUENTE NACIONAL;30;
135;RAFAEL DELGADO;30;
136;RAFAEL LUCIO;30;
137;LOS REYES;30;
138;RIO BLANCO;30;
139;SALTABARRANCA;30;
140;SAN ANDRES TENEJAPAN;30;
141;SAN ANDRES TUXTLA;30;
142;SAN JUAN EVANGELISTA;30;
143;SANTIAGO TUXTLA;30;
144;SAYULA DE ALEMAN;30;
145;SOCONUSCO;30;
146;SOCHIAPA;30;
147;SOLEDAD ATZOMPA;30;
148;SOLEDAD DE DOBLADO;30;
149;SOTEAPAN;30;
150;TAMALIN;30;
151;TAMIAHUA;30;
152;TAMPICO ALTO;30;
153;TANCOCO;30;
154;TANTIMA;30;
155;TANTOYUCA;30;
156;TATATILA;30;
157;CASTILLO DE TEAYO;30;
158;TECOLUTLA;30;
159;TEHUIPANGO;30;
160;ALAMO TEMAPACHE;30;
161;TEMPOAL;30;
162;TENAMPA;30;
163;TENOCHTITLAN;30;
164;TEOCELO;30;
165;TEPATLAXCO;30;
166;TEPETLAN;30;
167;TEPETZINTLA;30;
168;TEQUILA;30;
169;JOSE AZUETA;30;
170;TEXCATEPEC;30;
171;TEXHUACAN;30;
172;TEXISTEPEC;30;
173;TEZONAPA;30;
174;TIERRA BLANCA;30;
175;TIHUATLAN;30;
176;TLACOJALPAN;30;
177;TLACOLULAN;30;
178;TLACOTALPAN;30;
179;TLACOTEPEC DE MEJIA;30;
180;TLACHICHILCO;30;
181;TLALIXCOYAN;30;
182;TLALNELHUAYOCAN;30;
183;TLAPACOYAN;30;
184;TLAQUILPA;30;
185;TLILAPAN;30;
186;TOMATLAN;30;
187;TONAYAN;30;
188;TOTUTLA;30;
189;TUXPAN;30;
190;TUXTILLA;30;
191;URSULO GALVAN;30;
192;VEGA DE ALATORRE;30;
193;VERACRUZ;30;
194;VILLA ALDAMA;30;
195;XOXOCOTLA;30;
196;YANGA;30;
197;YECUATLA;30;
198;ZACUALPAN;30;
199;ZARAGOZA;30;
200;ZENTLA;30;
201;ZONGOLICA;30;
202;ZONTECOMATLAN DE LOPEZ Y FUENTES;30;
203;ZOZOCOLCO DE HIDALGO;30;
204;AGUA DULCE;30;
205;EL HIGO;30;
206;NANCHITAL DE LAZARO CARDENAS DEL RIO;30;
207;TRES VALLES;30;
208;CARLOS A. CARRILLO;30;
209;TATAHUICAPAN DE JUAREZ;30;
210;UXPANAPA;30;
211;SAN RAFAEL;30;
212;SANTIAGO SOCHIAPAN;30;
001;ABALA;31;
002;ACANCEH;31;
003;AKIL;31;
004;BACA;31;
005;BOKOBA;31;
006;BUCTZOTZ;31;
007;CACALCHEN;31;
008;CALOTMUL;31;
009;CANSAHCAB;31;
010;CANTAMAYEC;31;
011;CELESTUN;31;
012;CENOTILLO;31;
013;CONKAL;31;
014;CUNCUNUL;31;
015;CUZAMA;31;
016;CHACSINKIN;31;
017;CHANKOM;31;
018;CHAPAB;31;
019;CHEMAX;31;
020;CHICXULUB PUEBLO;31;
021;CHICHIMILA;31;
022;CHIKINDZONOT;31;
023;CHOCHOLA;31;
024;CHUMAYEL;31;
025;DZAN;31;
026;DZEMUL;31;
027;DZIDZANTUN;31;
028;DZILAM DE BRAVO;31;
029;DZILAM GONZALEZ;31;
030;DZITAS;31;
031;DZONCAUICH;31;
032;ESPITA;31;
033;HALACHO;31;
034;HOCABA;31;
035;HOCTUN;31;
036;HOMUN;31;
037;HUHI;31;
038;HUNUCMA;31;
039;IXIL;31;
040;IZAMAL;31;
041;KANASIN;31;
042;KANTUNIL;31;
043;KAUA;31;
044;KINCHIL;31;
045;KOPOMA;31;
046;MAMA;31;
047;MANI;31;
048;MAXCANU;31;
049;MAYAPAN;31;
050;MERIDA;31;
051;MOCOCHA;31;
052;MOTUL;31;
053;MUNA;31;
054;MUXUPIP;31;
055;OPICHEN;31;
056;OXKUTZCAB;31;
057;PANABA;31;
058;PETO;31;
059;PROGRESO;31;
060;QUINTANA ROO;31;
061;RIO LAGARTOS;31;
062;SACALUM;31;
063;SAMAHIL;31;
064;SANAHCAT;31;
065;SAN FELIPE;31;
066;SANTA ELENA;31;
067;SEYE;31;
068;SINANCHE;31;
069;SOTUTA;31;
070;SUCILA;31;
071;SUDZAL;31;
072;SUMA;31;
073;TAHDZIU;31;
074;TAHMEK;31;
075;TEABO;31;
076;TECOH;31;
077;TEKAL DE VENEGAS;31;
078;TEKANTO;31;
079;TEKAX;31;
080;TEKIT;31;
081;TEKOM;31;
082;TELCHAC PUEBLO;31;
083;TELCHAC PUERTO;31;
084;TEMAX;31;
085;TEMOZON;31;
086;TEPAKAN;31;
087;TETIZ;31;
088;TEYA;31;
089;TICUL;31;
090;TIMUCUY;31;
091;TINUM;31;
092;TIXCACALCUPUL;31;
093;TIXKOKOB;31;
094;TIXMEHUAC;31;
095;TIXPEHUAL;31;
096;TIZIMIN;31;
097;TUNKAS;31;
098;TZUCACAB;31;
099;UAYMA;31;
100;UCU;31;
101;UMAN;31;
102;VALLADOLID;31;
103;XOCCHEL;31;
104;YAXCABA;31;
105;YAXKUKUL;31;
106;YOBAIN;31;
001;APOZOL;32;
002;APULCO;32;
003;ATOLINGA;32;
004;BENITO JUAREZ;32;
005;CALERA;32;
006;CAÑITAS DE FELIPE PESCADOR;32;
007;CONCEPCION DEL ORO;32;
008;CUAUHTEMOC;32;
009;CHALCHIHUITES;32;
010;FRESNILLO;32;
011;TRINIDAD GARCIA DE LA CADENA;32;
012;GENARO CODINA;32;
013;GENERAL ENRIQUE ESTRADA;32;
014;GENERAL FRANCISCO R. MURGUIA;32;
015;EL PLATEADO DE JOAQUIN AMARO;32;
016;GENERAL PANFILO NATERA;32;
017;GUADALUPE;32;
018;HUANUSCO;32;
019;JALPA;32;
020;JEREZ;32;
021;JIMENEZ DEL TEUL;32;
022;JUAN ALDAMA;32;
023;JUCHIPILA;32;
024;LORETO;32;
025;LUIS MOYA;32;
026;MAZAPIL;32;
027;MELCHOR OCAMPO;32;
028;MEZQUITAL DEL ORO;32;
029;MIGUEL AUZA;32;
030;MOMAX;32;
031;MONTE ESCOBEDO;32;
032;MORELOS;32;
033;MOYAHUA DE ESTRADA;32;
034;NOCHISTLAN DE MEJIA;32;
035;NORIA DE ANGELES;32;
036;OJOCALIENTE;32;
037;PANUCO;32;
038;PINOS;32;
039;RIO GRANDE;32;
040;SAIN ALTO;32;
041;EL SALVADOR;32;
042;SOMBRERETE;32;
043;SUSTICACAN;32;
044;TABASCO;32;
045;TEPECHITLAN;32;
046;TEPETONGO;32;
047;TEUL DE GONZALEZ ORTEGA;32;
048;TLALTENANGO DE SANCHEZ ROMAN;32;
049;VALPARAISO;32;
050;VETAGRANDE;32;
051;VILLA DE COS;32;
052;VILLA GARCIA;32;
053;VILLA GONZALEZ ORTEGA;32;
054;VILLA HIDALGO;32;
055;VILLANUEVA;32;
056;ZACATECAS;32;
057;TRANCOSO;32;
058;SANTA MARIA DE LA PAZ;32;
